{"cameraMode":{"drawMode":0,"name":"Shaded","section":"Shading Mode"},"sceneLighting":true,"audioPlay":false,"sceneViewState":{"m_AlwaysRefresh":false,"showFog":true,"showSkybox":true,"showFlares":true,"showImageEffects":true,"showParticleSystems":true,"showVisualEffectGraphs":true,"m_FxEnabled":true},"in2DMode":false,"pivot":{"x":-2.823345184326172,"y":4.03180456161499,"z":1.7850399017333985},"rotation":{"x":-0.11552412062883377,"y":0.02145092561841011,"z":-0.002495884196832776,"w":-0.9930732250213623},"size":10.219568252563477,"orthographic":false}